field,n,mean,std,min,q25,median,q75,max
soundness,6341,0.5152562619401098,0.3080204134759886,0.0,0.5,0.5,0.5773502691896257,1.7320508075688772
presentation,6341,0.5349989823392274,0.33358002483496807,0.0,0.5,0.5,0.816496580927726,1.5275252316519468
significance,6341,0.5411277396358445,0.29332297708676475,0.0,0.5,0.5773502691896257,0.5773502691896257,1.7320508075688772
originality,6341,0.5216247497684354,0.2930348708108025,0.0,0.5,0.5,0.5773502691896257,1.7320508075688772
overall_recommendation,6341,0.6129089086745201,0.37882092000910755,0.0,0.5,0.5773502691896257,0.816496580927726,2.0816659994661326
confidence,6341,0.6849817481952468,0.33787846235533603,0.0,0.5,0.5773502691896257,0.9574271077563381,2.0816659994661326
