num_reviews,papers,percent
2,9,0.1419334489828103
3,1057,16.669295063870052
4,5190,81.84828891342059
5,81,1.2774010408452925
6,4,0.06308153288124901
