field,n,mean,std,min,q25,median,q75,max
soundness,24378,2.855894659118878,0.603444120086163,1.0,3.0,3.0,3.0,4.0
presentation,24378,2.8907211420132906,0.6380761738921636,1.0,3.0,3.0,3.0,4.0
significance,24378,2.749241119041759,0.617666342168211,1.0,2.0,3.0,3.0,4.0
originality,24378,2.780580851587497,0.6090121529177447,1.0,2.0,3.0,3.0,4.0
overall_recommendation,24378,4.145705143982279,0.7256587364169997,1.0,4.0,4.0,5.0,6.0
confidence,24378,3.461932890310936,0.7974806939881715,1.0,3.0,4.0,4.0,5.0
